geo,place,user_location
,,"Marathon, FL"
,,White Mountains - NH
,,"Oregon, USA"
,,"Lakewood, CA"
,,"DUDLEYVILLE, 3D"
,,Idaho
,,
,,NEW  YORK!! :-)
,,
,,1980s
,,
,,"Aux cord, AZ"
,,"Caledonia, MS "
,,"San Diego, CA"
,,
,,
,,Chicago Area
,,
,,
,,
,,stockholm sweden
,,
,,
,,
,,"Houston, TX"
,,United States
,,
,,"Rio de Janeiro, Brasil"
,,
,,
,,NJ
,,
,,"Atherton, CA"
,,"Kentucky, USA"
,,
,,
,,"Washington, USA"
,,
,,
,,
,,"Manchester, CT"
,,Sydney Downunder
,,
,,
,,
,,United States
,,Chicago
,,"London, England"
,,
,,
,,"Manhattan, NY"
,,
,,
,,Infidellia
,,
,,
,,
,,"Uyo, Nigeria"
,,
,,Central Oregon
,,"Hollywood, Los Angeles"
,,Nairobi 
,,Earth 
,,
,,
,,"Los Angeles, Ca 90049"
,,MC
,,
,,"Orlando, FL USA"
,,"Santiago, República Dominicana"
,,United States
,,
,,W T R V L x U W S x P C
,,perdido 
,,"Kericho, Kenya"
,,
,,Arizona
,,
,,Hackensack NJ
,,Close to California Coast USA
,,USA
,,"Hood River, OR"
,,
,,"Norman, Oklahoma"
,,
,,
,,"California, USA"
,,
,,Texas 
,,"Washington, USA"
,,
,,
,,"St. Louis, Missouri"
,,California & Nationwide 
,,
,,Worldwide
,,
,,אשדוד  ASHDOD ISRAEL
,,
,,
,,"Ohio, USA"
,,Abuja. London. Lagos. Leeds. 
,,
,,"None, Piemonte"
,,
,,look behind you
,,
,,"Tinley Park, Ill"
,,"Key West, FL"
,,"Westchester, NY"
,,
,,"West Hollywood, CA"
,,none
,,Close the Borders!
,,USA! USA! USA!
,,"Texas, USA"
,,
,,"Upper East Side, Manhattan"
,,
,,
,,Somewhere thats not important
,,Januar / August 2015
,,
,,"California, USA"
,,
,,"Nashville, TN"
,,
,,India 
,,Germany im März 2016
,,"San Diego, CA"
,,
,,
,,"San Diego, CA"
,,Fruitport 
,,"Georgia, USA"
,,
,,"Lake Charles, LA"
,,"New York, NY"
,,
,,Princeton West Virginia 
,,
,,
,,Born And Raised & Made In NYC
,,"Palm Beach, FL"
,,
,,
,,
,,"Victoria, BC"
,,
,,a wondering Catholic Jew
,,QUALIFIED MASTER HELMSMAN
,,"California, USA"
,,
,,U.S.A.
,,Tustin California
,,
,,
,,NYC & Bremerton & TexasOrBust
,,"AMERICA 1st ,,,,,,,AMERICA 1st"
,,
,,
,,
,,Northern California
,," Red State Arizona, USA"
,,Suid Afrika
,,"California, USA"
,,Toronto
,,
,,"Texas, USA"
,,
,,
,,UNITED STATES OF AMERICA 
,,USA
,,
,,
,,
,,"Santa Monica, California"
,,
,,
,,California
,,
,,South Africa
,,Europe
,,"East London , South Africa"
,,
,,
,,
,,
,,Las Vegas
,,
,,
,,The University of Arizona
,,
,,North Carolina
,,"Texas, USA"
,,
,,Dallas TX
,,"Dayton, OH"
,,"Vegas, USA"
,,
,,God Bless America
,,beech island
,,Urge otra #REFUNDACIÓN
,,"Bengaluru, Karnataka"
,,"Corpus Christi, Texas"
,,
,,"Florida, USA"
,,"Lacey, WA"
,,India
,,DELHI NCR METROPOLITAN CITIES 
,,South Carolina
,,"Newark, DE"
,,I.D.O.C.R.A.C.Y U.S.A
,,
,,
,,"Colorado, USA"
,,"Boston, MA"
,,KY
,,New York City
,,"Tempe, AZ"
,,Nigeria
,,"Brooklyn, Queens & JerseyShore"
,,"SanFrancisco,CA Lake Tahoe, NV"
,,
,,"Pinon Hills, California, USA"
,,AMERICA  HOME OF THE BRAVE
,,"Palm Beach, FL"
,,
,,
,,United States
,,portlandia
,,
,,
,,Springfield IL
,,"Dar es Salaam, Tanzania"
,,"Nevada, USA"
,,"Bastrop, Louisiana"
,,
,,United States
,,
,,
,,
,,
,,
,,The Browning Plantation
,,"Massachusetts, USA"
,,
,,"Va. Beach,Va."
,,"Arlington,TX"
,,"Georgia, USA"
,,"Tennessee, USA"
,,
,,"Ashland, KY"
,,United States
,,N/A
,,"Nicholasville , KY"
,,
,,
,,"Indiana, USA"
,,Alachua
,,US
,,
,,Florida
,,
,,All around the world
,,"Nashville, Georgia"
,,
,,
,,"Suwanee, GA"
,,all over
,,Non-existent SafeSpace
,,"Fort Lauderdale, FL"
,,
,,"Boca Raton, FL"
,,"Charlotte, NC"
,,
,,"O'Fallon, MO"
,,"Maryland, USA"
,,सनातनधर्म | भारतवर्ष ||
,,"Oregon, USA"
,,"Carlsbad, CA, USA"
,,
,,Texas
,,Massachusetts
,,"Miami, FL"
,,
,,"Reno, NV"
,,Over the rainbow
,,United States
,,Must Read Article Below 
,,
,,YN
,,"ï¿½T: 33.794216,-117.500023"
,,UNITED STATES
,,"Conway, SC"
,,New England - California
,,
,,Facebook Me Below
,,"Brooklyn, NY"
,,
,,
,,"North Little Rock, AR"
,,
,,Louisiana 
,,"Westchester, NY"
,,
,,North Shore of Boston 
,,"Waterloo, On"
,,
,, USA
,,"Brentwood, New Hampshire"
,,
,,"Nebraska, USA"
,,"Fort Wayne, IN"
,,"Hyderabad, Andhra Pradesh"
,,
,,
,,"Washington, DC"
,,Moving from the snow 2 sun..
,,Singapore
,,"Los Angeles, CA"
,,Minnesota
,,
,,OC in SoCal
,,
,,"San Diego, CA"
,,NY
,,"Alaska, USA"
,,
,,
,,"Fairfield, Connecticut"
,,Northwest
,,Iowa
,,SomeWhere ON PLANET EARTH 
,,USA
,,"New York, USA"
,,共产匪区
,,
,,
,,South Jersey
,,
,,
,,Around Town in So Cal
,,
,,Hillister TX.
,,Houston Texas
,,United States
,,"Guntur, India. "
,,Ohio ➡️ Florida USA
,,
,,"Villa Rica, GA"
,,"Jacksonville, FL"
,,#FlaCOT
,,"California, USA"
,,"Tennessee, USA"
,,
,,"Tampa, FL"
,,"Roma, Lazio"
,,Mississippi
,,United States
,,"New York, USA"
,,"Wellington, FL"
,,"Florida, USA"
,,Earth
,,North Carolina
,,Six Feet Under
,,United States
,,"Tulsa, OK"
,,
,,"Florida, USA"
,,South India
,,
,,United States
,,
,,california
,,
,,
,,United States
,,
,,Pacific Northwest
,,
,,
,,"Fresno, CA"
,,Georgia
,,"Carson City, NV"
,,"Palo Alto, California"
,,
,,
,,
,,"Southern California, USA"
,,"British Columbia, Canada"
,,"Redmond, Wa."
,,
,,
,,
,,"home, wa"
,,"Lees, England"
,,"California, USA"
,,
,,
,,Livin in NV lookin at AZ
,,"Somewhere in Laughlin, NV"
,,
,,
,,
,,
,,"Stevenson,Alabama"
,,"California, USA"
,,Santa Marta
,,USA
,,
,,"Texas, USA"
,,"Howards Grove, Wisconsin, USA"
,,
,,"California, USA"
,,NY TYO LON // *English mainly.
,,
,,
,,United States
,,
,,"Whiteland, Indiana"
,,Atlanta 
,,"New Jersey, USA"
,,
,,
,,"Los Banos, CA"
,,"Houston, TX"
,,
,,
,,"Las Vegas, NV"
,,Walt Disney World Florida USA
,,Netaniya. Israel
,,"Texas, USA"
,,"Tampa Bay, FL"
,,
,,
,,Seattle
,,terra firma
,,United States
,,United States
,,Arizona
,,United States
,,
,,Tennesee 
,,
,,Florida & California
,,
,,"Illinois, USA"
,,Swat Lake City
,,"Chicago, IL"
,,"Indianapolis, IN"
,,United Kingdom
,,orlando fl
,,"fort lauderdale, fl"
,,commonsense USA
,,
,,
,,
,,
,,"Goodyear, AZ"
,,United States
,,United States
,,
,,
,,
,,Ohio
,,Oregon
,,"Milano, Lombardia"
,,
,,America
,,
,,
,,"Nairobi , Kenya"
,,
,,Great Southwest
,,
,,
,,
,,
,,Las Vegas
,,"Palo Alto, CA"
,,"Colorado, USA"
,,"Wisconsin, USA"
,,United States & Go to:
,,Good Ole U. S. of A.
,,"Los Angeles, California"
,,
,,"Indianapolis, USA"
,,TX
,,"Bay Area, CA"
,,"Guelph, Ontario"
,,
,,Fueling the Trump Train
,,
,,
,,"California, USA"
,,
,,"Azle, TX"
,,
,,
,,
,,
,,
,,"Pittsburgh, PA"
,,USA
,,Ohio- So. Cal- Texas
,,"The Mountains, West Virginia"
,,
,,
,,"California, USA"
,,"Houston, TX"
,,Conservative Christian.
,,USA
,,United States
,,Comfort Zone
,,Manhattan
,,Northern New Jersey
,,United States
,,Louisiana
,,
,,"Red Bank, NJ"
,,
,,Utah
,,"Victoria, Texas"
,,tinyurl.com/m367xks
,,Arizona
,,Flight School
,,
,,
,,"Mahwah, NJ"
,,"Nowhere, Indiana"
,,"Las Vegas, NV"
,,"College Station, Texas "
,,Michigan
,,"Alabama, USA"
,,USA
,,
,,
,,"California, USA"
,,"Plano, TX"
,,United States
,,"Chicago, IL"
,,YAY The USA!
,,LA - Lower Arkansas
,,
,,
,,"Los Angeles, California"
,,"Florida, USA"
,,
,,"Arizona, USA"
,,"Soso , Ms"
,,
,,USA 
,,Iowa State University. 
,,"New York, NY"
,,San Francisco
,,
,,The United States of America
,,"Rockford, IL"
,,
,,
,,"New York, NY"
,, Hong Kong
,,sf bay area
,,"Sacramento, CA"
,,"Jonesboro, AR"
,,"Arizona, USA"
,,Long Island
,,
,,"Brooklyn, NY"
,,
,,Metro Atlanta
,,"North Cape May, NJ"
,,"Omaha, NE"
,,"West Lafayette, IN"
,,
,,PDX
,,Calhoun
,,Kentucky 
,,"Cle Elum, WA"
,,
,,
,,"South Windsor,CT"
,,Greenwood
,,"Washington, USA"
,,"California, USA"
,,
,,
,,
,,
,,"Florida, USA"
,,
,,TX
,,"Deer Park, TX"
,,Planet Earth
,,"Trump Tower New York, NY"
,,Fremont.Ca
,,CA
,,
,,"North Carolina, USA"
,,
,,
,,minneapolis
,,"Lexington, KY"
,,"New York, NY"
,,IA
,,"Switzerland, Zürich"
,,"Eagle, ID"
,,California
,,"Alberta, Canada"
,,"Victoria, Australia "
,,
,,
,,
,,The great country of Texas
,,
,,california
,,United States
,,"Washington, USA"
,,Trap House 
,,"Berea, Ky."
,,United States
,,"East Peoria, IL"
,,
,,"Scranton, PA"
,,"Princeton, MA"
,,"Marysville, WA"
,,United States
,,Mtn Dew
,,DEEP IN THE HEART OF AMERICA!!
,,
,,California
,,"Rochester, MN"
,,America
,,"Titusville, PA"
,,
,,
,,
,,
,,
,,
,,Indiana
,,
,,
,,"Shasta Lake, Calif."
,,"Las Vegas, Nevada"
,,
,,Illinois
,,"New Orleans, LA"
,,"Salt Lake City, UT"
,,
,,
,,"Destin, Florida"
,,Deep South!
,,
,,Penalty Box
,,
,,
,,
,,"Kentucky, USA"
,,
,,"San Jose, CA"
,,"Myrtle Beach, South Carolina"
,,"Alexandria, VA"
,,"Oklahoma, USA"
,,"Michigan, USA"
,,Natural Born~USA
,,
,,paradise
,,Pennsylvania
,,"Las Vegas, NV"
,,"San Antonio, TX"
,,"Rushville, IN"
,,Belgique
,,Louisiana and Colorado 
,,"Washington,DC"
,,"New Jersey, USA"
,,"Florida, USA"
,,New York
,,
,,
,,
,,Near Anti-Trumpers!
,,
,,Bethesda
,,"North Carolina, USA"
,,"Clutch city, Tx"
,,
,,Los Angeles
,,
,,Louisville
,,
,,
,,Payson Az
,,"Kokomo, Indiana "
,,
,,
,,
,,
,,"Body in MS, ❤ in Alaska"
,,Stonewall 
,,"Monroe, GA"
,,N/A
,,
,,
,,
,,
,,Bellingham Washington
,,"California, Mo/ Columbia, Mo"
,,"Florida, USA"
,,home of the midnight snack
,,701
,,
,,"Sweetwater, TN"
,,
,,"Cape Town, South Africa"
,,"Maine, USA"
,,
,,United States
,,NH
,,
,,Southern California
,,Sandton. Gauteng. South Africa
,,Bulgaria 
,,"Los Angeles, California"
,,
,,
,,"Indiana, USA"
,,
,,
,,"Georgia, USA"
,,Western Nations
,,"Dallas,Texas"
,,Rancho Mission Viejo
,,World Wide
,,Ventura/Los Angeles California
,,"Washington, DC"
,,South Carolina
,,
,,
,,
,,1 AU
,,"Springhill, Louisiana "
,,
,,
,,
,,
,,2015 Atlantic Quarterfinalists
,,"Temple Terrace, FL"
,,"Charlotte, North Carolina"
,,"US, PA"
,,South Louisiana
,,
,,"Morganton, North Carolina"
,,
,,Ft Worth Tx/Bellingham WA
,,
,,"Boca Raton, FL"
,,
,,Texas :)
,,
,,
,,
,,"Delray Beach,FL,USA☀️"
,,"New York, USA"
,,
,,
,,NY 
,,"Kingman, AZ"
,,North Carolina  USA
,,Dream Land-PURE& LOVED
,,
,,pittsburgh pa
,,"Fort Lauderdale, FL"
,,"Hollywood, FL"
,,
,,
,,"Kansas, USA"
,,
,,
,,
,,"Texas, USA"
,,
,,"Fredericton, New Brunswick"
,,"New England coast, USA"
,,
,,Abington
,,"Miami, FL"
,,United States
,,
,,
,,"California, USA"
,,"Prescott Valley, Arizona"
,,
,,"Salinas, California"
,,
,,
,,Texas 
,,United States
,,
,,812➡️502➡️765
,,
,,Warwick Rhode Island
,,San Francisco/Heaven
,,
,,Columbus OH
,,Florida
,,
,,On tha Move...
,,"Pittsburg, CA"
,,
,,NH. USA
,,"Tyler, TX"
,,"Hoffman Estates, IL"
,,"Chicago, IL"
,,"Lodi, CA"
,,
,,Sacramento
,,
,,"Midland, TX"
,,
,,"Rockford, IL"
,,Florida
,,
,,IUPUI | Naptown •
,,
,,Long Island
,,'couve
,,
,,"Williamsburg, Virginia."
,,United States
,,
,,"26.190672,-98.117565"
,,"Southern Illinois, USA"
,,
,,Mn Native CA Girl ❤️ 
,,
,,"Draper, UT"
,,
,,
,,
,,"Somewhere in Laughlin, NV"
,,
,,"Manhattan, NY"
,,
,,"California, USA"
,,
,,"New York, USA"
,,
,,
,,Boise Idaho
,,"Prescott, AZ"
,,"Blue Springs, MO"
,,"Cincinnati, Ohio"
,,
,,"North Manchester, IN"
,,"Moody/Tuscaloosa, AL"
,,Hattiesburg MS
,,
,,
,,
,,
,,"Tennessee, USA"
,,hou. 
,,
,,Florida
,,"South Carolina, USA"
,,
,,North Carolina
,,
,,California
,,"Baton Rouge, LA, USA"
,,
,,"Roseville, MI"
,,
,,"Cincinnati, OH"
,,
,,i know who you are 
,,United States
,,"Seattle, WA"
,,USA
,,
,,
,,The GREAT State of Arizona!
,,"California, USA"
,,"Charleston, SC"
,,
,,somewhere over the rainbow
,,
,,"Texas, USA"
,,
,,West-TN
,,
,,PA
,,"Delicias, mexico"
,,United States
,,
,,"Nevada, USA"
,,United States
,,Pinterest #CDCwhistleblower
,,"Lakin, Kansas"
,,"Indiana, USA"
,,"Golden Valley, MN"
,,
,,"Augusta, GA"
,,New York City
,,
,,São Paulo - Brazil  
,,Trappin in your neighborhood
,,NYC
,,
,,
,,"Tulsa, OK"
,,"Ohio, USA"
,,"Leaving Upwind, Going Downwind"
,,
,,Long Island
,,"Grapevine, TX"
,,
,,"Iowa, home of the Hawkeyes"
,,"Las Vegas, NV"
,,
,,
,,"Illinois, USA"
,,
,,
,,
,,United States of America
,,"Long Beach, CA"
,,
,,"San Diego, CA"
,,
,,"Mahopac, NY "
,,"San Antonio, TX"
,,
,,radeo show'
,,Earth
,,"Naperville, Illinois"
,,
,,United States
,,
,,United States
,,Abuja 
,,United States
,,"Everywhere, USA"
,,
,,
,,
,,"Wisconsin, USA"
,,Indiana
,,"Maine, USA"
,,
,,Missouri
,,
,,
,,
,,"Coahuila, México"
,,"Iowa, USA"
,,Republic of Texas
,,"Colorado, USA"
,,IA./FL./N.J.
,,
,,Alabama Gulf Coast USA
,,
,,
,,
,,"Colorado Springs, CO"
,,Texas
,,
,,
,,Mountain West
,,
,,United States
,,
,,"Florida, USA"
,,
,,"Tremonton, UT"
,,
,,Cuyahoga Falls 
,,TrumpLand
,,Seattle
,,
,,
,,"Long Island, NY"
,,
,,United States
,,
,,
,,"Georgia, USA"
,,"Wisconsin, USA"
,,"Montana, USA"
,,"BUILD THAT WALL, GOD BLESS YOU"
,,"New Jersey, USA"
,,Trump Galaxy
,,SW Missouri
,,Seattle WA
,,"Blackhawk, California"
,,
,,"Moore, OK "
,,
,,
,,
,,
,,"New Bedford, MA"
,,"Somerset, Ohio"
,,"San Diego, CA"
,,setauket ny
,,
,,Ship Alum/Sea Isle 
,,"lebanon, IN 46052"
,,
,,
,,USA
,,
,,
,,"Elyria, OH"
,,東京 / tokyo
,,Mesa AZ
,,Minnesota
,,"Iowa, USA"
,,Wisconsin 
,,
,,"Houston, TX"
,,
,,"Macon, GA"
,,
,,
,,USA
,,
,,America 
,,
,,
,,
,,
,,
,,"Everywhere, U.S.A.!"
,,
,,"Chicago, IL"
,,
,,
,,"Youngstown, OH"
,,
,,
,,"California, USA"
,,48001
,,Staunch Trump Supporter In Il.
,,"Austin, Texas"
,,
,,"Michigan, USA"
,,United States
,,OKINAWA
,,
,,United States
,,NW
,,Traveling
,,225
,,
,,United States of America
,,"ÜT: 33.610166,-79.035617"
,,
,,   Central Ohio/Drive Midwest
,,Fort Lauderdale Florida 
,,
,,USA
,,"Mountain View, CA"
,,"New Jersey, USA"
,,
,,"Corona, California "
,,"Indiana, USA"
,,"Rye, NY"
,,People's Republik of Illinois
,,
,,"Weddington, NC"
,,
,,
,,
,,Lake @ Appalachian Mountains
,,"Suwanee, GA"
,,
,,
,,timBuk3
,,"Cleveland, TN"
,,Hopefully at Santa Anita 
,,"Ohio, USA"
,,northern cali
,,"Twin Cities, MN. "
,,
,,
,,"Michigan, USA"
,,
,,Rocky Mountains
,,
,,
,,
,,
,,United States of America
,,Minneapolis
,,TEXAS and NY 
,,
,,Dalla$ 
,,
,,
,,United States
,,"Yorba Linda, CA"
,,"Colorado, USA"
,,USA
,,Australia
,,
,,"North Carolina, USA"
,,"New Hampshire, USA"
,,
,,
,,"New York, NY"
,,USA
,,PA
,,
,,
,,"Texas, USA"
,,
,,Florida
,,michigan
,,
,,United States
,,"Pennsylvania, USA"
,,United States
,,
,,
,,
,,"Santiago, Chile"
,,Cassino 
,,"Jackson, Mississippi "
,,
,,
,,"Clarksville,TN"
,,
,,
,,
,,USA
,,
,,
,,"Auckland, New Zealand"
,,
,,Dallas Texas
,,
,,"Cypress, Ca"
,,for the time in the south 
,,"Westlake, OH"
,,"Alabama, USA THANKS for follow"
,,
,,"Donetsk, Novorossiya"
,,El Paso Del Norte
,,"Bloomington,Minnesota"
,,
,,"Louisville, Kentucky"
,,"New York, NY"
,,Oblast Orel & Kalvingrad
,,
,,
,,
,,"Sarasota, FL"
,,
,,United States of America
,,
,,heading towards zero followers
,,"Jim Thorpe,Pa"
,,USA
,,
,,
,,"Warminster, PA"
,,"California, USA"
,,
,,"Greenville, SC"
,,
,,208
,,"Fort Worth, TX"
,,
,,
,,
,,Sheldon's spot
,,
,,
,,"Hawaii, USA"
,,United States
,,"Manhattan, NY"
,,United States
,,
,,Colorado
,,"Upstate, NY"
,,
,,Fighting Stupidity With Logic
,,Bay Area
,,USA and Proud
,,"Austin, Texas"
,,
,,USA
,,"Virginia, USA"
,,
,,"Glencoe, MN"
,,
,,Pearl of Africa
,,
,,
,,
,,Minnesota
,,"Maritnsburg,WV"
,,
,,"Incline Village, NV"
,,"Tennessee, USA"
,,
,,United States
,,Arizona
,,
,,
,,
,,
,,
,,"Orlando,Florida"
,,"Seattle, WA"
,,United States
,,
,,
,,California
,,"Wellston, OK"
,,North Carolina
,,
,,
,,Indiana
,,Sacramento
,,Right behind you
,,United States . iowa
,,"Encinitas, CA"
,,
,,"Santiago, Chile"
,,Papua New Guinea
,,"Niceville, Florida"
,,
,,
,,"Charleston, SC"
,,Scribbled on book covers
,,
,,United States
,,"Arizona, USA"
,,"Trumbull, Connecticut"
,,"Dallas, TX"
,,happy place
,,
,,
,,city of dreams
,,
,,"Nashville, GA"
,,
,,
,,
,,
,,"Pittsburgh, PA"
,,
,,AZ
,,埼玉の寮のお絵かき兼筋トレ部屋
,,"colorado springs, Colorado"
,,West Des Moines
,,
,,Canada
,,"Rhode Island, USA"
,,"Cleveland County, USA"
,,"Chicago, IL"
,,
,,"Los Angeles, CA"
,,
,,"Michigan, USA"
,,"Florida, USA"
,,Earth
,,"Sheffield, OH"
,,
,,"Prescott, AZ"
,,
,,"Latham, NY"
,,"Michigan, USA"
,,Texas
,,
,,
,,
,,
,,"Louisiana, USA"
,,"D'Iberville, MS"
,,
,,
,,"Beverly Hills, CA"
,,
,,HUGE WALKING DEAD FAN!
,,
,,Las Vegas Nevada
,,"philadelphia, pa"
,,"Florida, USA"
,,
,,Brick new jersey
,,New York Paris Sydney
,,
,,"Washington, DC"
,,"Harrisonburg, VA"
,,
,,Upstate New York
,,The Empire State
,,
,,
,,
,,"Illinois, USA"
,,
,,GA
,,"Florida, USA"
,,
,,La Pampa
,,
,,"Inverness, FL"
,,somewhere on earth
,,
,,
,,"Long Beach, CA"
,,
,,Florida
,,"Indiana, USA"
,,"Texas, USA"
,,
,,
,,
,,
,,"The U.S.A - Central Valley, CA"
,,
,,
,,Trump's USA
,,Phoenix
,,
,,Lagos/Houston/Sheffield/Ozubulu
,,davao city
,,Calcutta
,,"Minnesota, USA"
,,Chicago NYC Dallas Alexandria
,,"Kentucky, USA"
,,
,,
,,"Los Angeles, CA"
,,
,,
,,
,,
,,"kansas city, MO"
,,Texas
,,
,,
,,Citizen of the World
,,SE Pennsylvania
,,
,,"LA County, CA"
,,United States
,,
,,Florida
,,Florida
,,"New York, USA"
,,United States of America
,,Virginia
,,"Phoenix, AZ"
,,"Fresno, CA"
,,
,,USA 
,,
,,
,,
,,"Norristown, PA"
,,
,,"Brooklyn, NY"
,,
,,
,,
,,"New York, NY"
,,
,,NJ 
,,Btown 405
,,"New York, New Hampshire"
,,Redlands
,,USA
,,"Texas, USA"
,,
,,
,,USA
,,
,,Middle Georgia USA
,,"बाळासाहेबांची मुंबई,INDIA "
,,El Dorado Hills
,,
,,Atlanta GA
,,Rajkot
,,"Ohio, USA"
,,
,,Imo  state
,,"Oregon, USA"
,,"California, USA"
,,
,,
,,Toronto
,,"Portland, OR"
,,
,,California
,,
,,"Los Angeles, CA"
,,"Westchester, NY"
,,
,,
,,#TrumpTrain 
,,central perk
,,
,,USA
,,NJ
,,
,,USA
,,"Alabama, USA"
,,
,,"Conway, SC"
,,USA
,,"Athens, GA"
,,
,,⚡EASTERN NC ☕️
,,"ÜT: 32.988791,-96.830995"
,,  EASTERN NC☕️
,,"Cincinnati, OH"
,,#SavageSquad
,,
,,"Tokyo-to, Japan"
,,"NY, R.I., LA, PA, TX, & FL USA"
,,"Indiana, USA"
,,
,,"New York, USA"
,,USA
,,"Kansas, USA"
,,
,,"Florida, USA"
,,2763 haywick drive pa 
,,"Las Vegas, NV"
,,"Buena Park, CA"
,,"Here, Right Here."
,,
,,
,,America
,,United States
,,United States
,,Florida
,,
,,
,,
,,Shady Valley
,,United States
,,"Arizona desert,  "
,,Hawaii
,,"West Virginia, USA"
,,Phoenix/India
,,Globally Positioned American
,,Everywhere #patriot 
,,
,,"Kentucky, USA"
,,http://www.imdb.com/media/rm85
,,"Mishawaka, IN"
,,Southern California
,,"Fort Lauderdale, FL"
,,"Florida, USA"
,,Glorious Pacific Northwest US
,,
,,"tvhilary- Snapchat, Instagram"
,,Jeremiah 17:9
,,Michigan
,,"Los Ranchos de Albuquerque, NM"
,,
,,
,,
,,
,,
,,"California, USA"
,,Tunis
,,New Braunfels
,,"Ponca City, OK"
,,
,,NEW JERSEY
,,
,,Long Island NY
,,Bahrain 
,,
,,
,,
,,
,,"Las Vegas, NV"
,,Repentance
,,
,,usa
,,"State of Jefferson, USA "
,,
,,"Houston, TX"
,,Connecticut
,,"CA, US"
,,Home Sweet Home
,,
,,
,,Northeast 
,,Global Social Entrepreneurship
,,"Laredo, Texas"
,,
,,
,,WorldWide 
,,"Monroe County, Indiana, USA"
,,"Virginia, USA"
,,"Greenwood, AR"
,,
,,USA  / ITALY
,,
,,
,,"Texas, USA"
,,"Tamil Nadu, India"
,,mn
,,"Waco, Texas"
,,"Dallas, TX"
,,"Georgia, USA"
,,
,,
,,JOIN TEAMDUNN Here
,,
,, PA
,,
,,United States
,,"California, USA"
,,
,,"Lake Winnipesaukee, NH"
,,
,,"Originally from San Jose, CA"
,,"Sanford, Florida"
,,"San Diego, Ca."
,,Galt's Gulch / #TeaParty #OiP 
,,"South Carolina, USA"
,,"Michigan, USA"
,,CP
,,
,,"Ohio, USA"
,,
,,America
,,
,,
,,
,,"California, USA"
,,
,,"Warren, OH"
,,"Katy, TX San Marcos, TX"
,,
,,"Lincoln Park, MI"
,,"Dublin, OH"
,,Watching the Cats
,,
,,United States
,,"Indianapolis, IN"
,,"Dallas, TX"
,,"Goodyear, AZ"
,,"Texas, USA"
,,
,,
,,Oklahoma
,,"Indianapolis, IN"
,,Canton nc
,,"Texas, USA"
,,
,,Pittsburgh
,,
,,"Camden, SC"
,,"Royal Palm Beach, FL"
,,
,,United States
,,"Long Beach NY, Oceanside NY"
,,
,,
,,
,,
,,"Henderson, NV"
,,
,,
,,"Long Island, NY"
,,"Jerusalem, Israel"
,,West Orange New Jersey 
,,❤ USA
,,"St. Louis, MO"
,,"Tampa, FL"
,,United States
,,
,,Good ol' America
,,"Greenville, NC "
,,"Florida, USA"
,,"Las Vegas, NV"
,,
,,
,,"Connecticut, USA"
,,
,,United States
,,"New Haven, CT"
,,Venezuela
,,"Manhattan, KS"
,,
,,
,,"Virginia, USA"
,,USA
,,
,,"Alabama, USA"
,,
,,"Florida, USA"
,,
,,Calif
,,"Davenport, IA"
,,"Virginia, USA"
,,"Niger, Nigeria"
,,
,,
,,"New York, Medellin"
,,
,,"Massachusetts, USA"
,,"New York, USA"
,,Fl
,,We are Trump
,,"Miami Republic, U.S.A."
,,
,,Toronto
,,southern Indiana
,,OKC
,,"Texas, USA"
,,
,,
,,
,,"St.Petersburg,Florida"
,,Socialist State of California-
,,"Chicago, IL."
,,NY
,,"Roanoke, VA, United States "
,,No follow back pls
,,GEORGIA
,,Between Heaven and Hell
,,"Fall River, Ma"
,,"Queens, NY"
,,"Blackshear, GA/Sebastian, FL"
,,"Florida, USA"
,,
,,
,,United States
,,"Fontana, CA"
,,
,,
,,"Boyertown, Pa"
,,
,,"Smithfield, NC"
,,"Oregon, USA"
,,"WARNING:NO PORN, LISTS OR BOTS"
,,
,,Alabama USA
,,Boracay Philippines
,,
,,
,,"ÜT: 39.878819,-75.30848"
,,"Elk Grove, CA"
,,
,,Maryland
,,The Well 
,,Florida
,,"Cowichan Valley, British Columbia"
,,
,,"East Pistolstine, Oh "
,,United States
,,
,,"Greenwood, IN"
,,
,,Wrightsville Beach Wilmington 
,,
,,"Fort Worth, TX"
,,"Cochranton, PA"
,,Yorktown Indiana
,,United States
,,St. Catharines
,,"Florida, USA"
,,"Virginia, USA"
,,"Texas, USA"
,,Oceania
,,281/713
,,
,,"Texas, USA"
,,
,,Los Angeles
,,New Fairfield CT #36
,,www.donaldjtrump.com
,,
,,Mumbai
,,"Friendswood, TX"
,,"Sydney, New South Wales"
,,"Greenville, SC"
,,
,,America
,,
,,"Lakewood, CO"
,,"Knoxville, TN"
,,"California, USA"
,,INDIANA
,,
,,"Washington, DC"
,,
,,"Los Angeles, CA"
,,
,,Buckle
,,jpnn hkkk
,,
,,
,,
,,
,,
,,
,,Montreal
,,Jordan ❤️
,,585
,,Florida
,,"Madisonville,  Ky"
,,Everywhere and Nowhere
,,Ohio
,,"California, USA"
,,
,,Rancho Cucamonga CA
,,
,,
,,Texas
,,
,,Pacific North West
,,The Pitch 
,,"Shawmut, AR, CSA"
,,Texas
,,
,,
,,
,,
,,"Texas, USA"
,,"Cleveland, OH"
,,
,,North Carolina
,,"Willow Springs, NC"
,,
,,New Mexico
,,
,,"Detroit, MI"
,,
,,"Chicago, IL"
,,Florida
,,"North Carolina, USA"
,,
,,USA
,, USA
,,
,,
,,"Lisbon, Portugal"
,,
,,Estados Unidos
,,
,,"New Port Richey, FL."
,,
,,
,,United States
,,"Delaware, USA"
,,"Texas, USA"
,,The Continental 
,,
,,"Indiana, USA"
,,The Mitten State
,,
,,cleveland ohio
,,Oklahoma
,,"Michigan, US"
,,"Florida, USA"
,,
,,"Seattle, WA/El Paso, TX"
,,San Diego CA
,,"Distrito Federal, México"
,,
,,"CT, Cape Cod now PA"
,,
,,
,,CA
,,
,,worldwide
,,
,,"Randleman, NC"
,,
,,Child of Appalachia
,,
,,JAPAN TOKYO ⇄ USA NY
,,south carolina
,,
,,
,,"Wheeling, WV"
,,
,,Pennsylvania 
,,USA
,,
,,
,,"Tacoma, WA"
,,"Albany,ga"
,,
,,United States
,,"Indianapolis, IN"
,,
,,"Alhambra, CA"
,,Treasure Coast 
,,
,,
,,
,,"Flemington, WV"
,,
,,Kentucky  
,,
,,United States
,,Gastonia NC
,,
,,"Myrtle Beach, SC"
,,*TRUMP MAGZN*   *FL Panhandle*
,,
,,
,,
,,
,,
,,AMERICA
,,Hong Kong
,,pa
,,@Manila.Blum
,,
,,
,,
,,crazy lefty world
,,
,,
,,
,,
,,
,,
,,Tennessee
,,"Dallas, TX"
,,Iowa
,,"Washington, DC"
,,
,,Florida U.S.A 
,,
,,
,,Virginia
,,"California, USA"
,,
,,
,,Somewhere in OH
,,"Massillon, OH"
,,
,,Las Vegas NV
,,"North Carolina, USA"
,,
,,Davenport Iowa
,,
,,
,,
,,"Southern California, U.S."
,,"Florida, USA"
,,Garner
,,"Staten Island, NY"
,,Shelbyville TN
,,"Oceanside, CA"
,,"scottsdale, az"
,,
,,"South Carolina, USA"
,,
,,
,,USA
,,"Bloomington, IN"
,,"Tuscaloosa, AL"
,,"Mocksville, NC"
,,
,,"New Jersey, USA"
,,"Frankfort, IN"
,,America 1st Crusader
,,
,,
,,"Worcester, MA"
,,
,,
,,West Park
,,
,,
,,Florida
,,"West Lafayette, IN"
,,Beautiful Arizona
,,"Ohio, USA"
,,"Northeastern, PA"
,,södermalm
,,"Florida, USA"
,,"Virginia, USA"
,,"Fairfield, CT"
,,
,,Politicians Suck
,,United States
,,
,,"Miami, Fl."
,,"Pittsburgh, PA"
,,United States
,,
,,Tempe Arizona USA
,,In Studio
,,
,,WORLD
,,michigan
,,Rhode Island
,,Belle wv
,,#JusticeforKalincheva #Help
,,
,,"Lake Orion, MI"
,,
,,Grand Ledge 
,,fife 
,,San Diego CA
,,United States
,,America 
,,
,,
,," Statesboro, GA"
,,"Colorado, USA"
,,"Virginia, USA"
,,Great NW
,,
,,Boston  USA
,,"Bullhead City, AZ"
,,
,,"Delaware, USA"
,,Alexandria va
,,Panorama city
,,"Sacramento, California"
,,"Virginia, USA"
,,California
,,"Indiana,United States"
,,Nevada
,,Hawaii Guam Southern Ca 
,,
,,
,,
,,
,,"Illinois, USA"
,,
,,United States
,,the ghetto 
,,"Texas, USA"
,,"New Jersey, USA"
,,
,,
,,"Long Island, New York"
,, NYC
,,
,,"Lehighton,Pa"
,,
,,"Arkansas, America!"
,,I'm in the cities trick!
,,United States
,,"Parlin,New Jersey"
,,
,,The United States Of America 
,,
,,"Anthem, AZ"
,,"Indianapolis, IN"
,,"Los Angeles, CA"
,,
,,"North Carolina, USA"
,,
,,Ohio
,,USA USA USA
,,United States
,,"San Diego, CA"
,,
,,"Nebraska, USA"
,,New York City
,,EX DemocRATville
,,"Florida, USA"
,,"Wichita, KS"
,,
,,
,,"Alexandrria, Louisiana"
,,
,,"League City, TX"
,,
,,"Lone Mountain, Las Vegas"
,,
,,United States
,,
,,"California, PA"
,,
,,
,,
,,
,,"Indiana, USA"
,,"New Jersey, USA"
,,
,,NorCal & SoCal-Misplaced Texan
,,I'm an American! Christ died on the cross for my sins! Liberals hate me lol even though I have been a card carrying dem at one time.  Then I woke up!
,,
,,
,,Everywhere
,,
,,
,,The great States of the USA
,,United States
,,
,,United States
,,United States
,,
,,"Seattle, Washington"
,,Washington DC
,,
,,"Vermont, USA"
,,
,,"Texas, USA"
,,"Stuart, Florida"
,,Texas
,,"New York, USA"
,,"Northampton, Pennsylvania"
,,"Nashville, TN"
,,
,,Depends On The Day 
,,"Houston, TX"
,,"Indianapolis, IN"
,,United States
,,"Greenwood, Arkansas "
,,Paradise City
,,
,,
,,United States
,,
,,
,,"New Hampshire, USA"
,,
,,
,,"Tennessee, USA"
,,
,,"Raleigh, NC"
,,"Waynesville, NC"
,,
,,United States
,,
,,
,, With crackhead Ezell:)
,,
,,
,,
,,"Philadelphia, PA"
,,
,,"Butler Township, OH"
,,
,,Midwest
,,
,,"Spokane,WA"
,,Jacksonville Florida
,,
,,"New York, USA"
,,snapchat: matt_sk
,,"Tillsonburg, Ontario"
,,
,,Kristin ♡
,,"San Antonio, TX"
,,India
,,"Florida, USA"
,,United States of America
,,Wisconsin
,,"Shamrock Lakes, IN"
,,
,,
,,
,,
,,
,,Texas!!!
,,"Plainfield, IN"
,,"Texas, USA"
,,
,,"Oregon, USA"
,,Worldwide
,,
,,United States
,,
,,"Los Angeles, CA"
,,FL
,,
,,
,,"Sycamore, IL"
,,Fashyland
,,"Tulsa, OK"
,,"Mastic Beach, NY"
,,"California, USA"
,,United States
,,New York
,,California
,,
,,"Bridgeport, WV"
,,
,,"Colborne, Ontario"
,,Abuja
,,"Las Vegas, NV"
,,
,,"Palm Desert, California"
,,
,,"Massachusetts, USA"
,,New York City
,,
,,
,,"Miami, FL"
,,Indiana
,,"Decatur, IN"
,,"Jacksonville, North Carolina"
,,
,,
,,
,,
,,the 603
,,\//\
,,One of Obama's 57 States
,,USA
,,"Ashburn, VA"
,,"San Antonio, TX"
,,Fayetteville / Perdido Key
,,"California, USA"
,,
,,
,,"New York, NY"
,,
,,
,,
,,
,,
,,
,,"USA, Idaho"
,,"Chesterfield, MO"
,,"Branford, CT"
,,
,,
,,"Waco, TX"
,,
,,
,,"Laguna Woods, CA"
,,
,,
,,FL
,,"Austin, TX"
,,
,,"Lancaster, PA"
,,Guns N' Roses Fans Worldwide
,,United States of America 
,,"Washington, USA"
,,NY
,,I-5 
,,
,,
,,United States
,,
,,New York City
,,United States
,,
,,United States
,,United States
,,abuja
,,
,,South Fla.
,,"NW Region of Pennsylvania,USA"
,,"Jacksonville, FL"
,,
,,
,,Hoosier in the Northland 
,,"New York, USA"
,,
,,United States
,,Washington IL. 
,,
,,
,,"Tampa, FL"
,,
,,
,,
,,
,,PA
,,"Arizona, USA"
,,",usa"
,,"Verdigris, OK"
,,"Kansas City, MO"
,,
,,
,,Ohio
,,
,,
,,
,,"Cibolo, TX"
,,
,,us
,,Somewhere deep in plot...
,,"Philadelphia, PA"
,,Page not related to employer
,,USA
,,
,,Cleveland Texas
,,
,,
,,"Burlington, WA"
,,"Kent, OH"
,,probably golfing 
,,USA
,,"Oxford, FL"
,,Montana
,,The frozen liberal hell (MN)
,,"Brooklyn, NY"
,,
,,"Milwaukee, WI"
,,
,,"Maryland, USA"
,,
,,"West Virginia, USA"
,,"Tucson, AZ"
,,"Wisconsin, USA"
,,"Tampa, FL"
,,
,,
,,
,,S.C.
,,"Washington, USA"
,,
,,"Wildwood, MO"
,,vancouver canada 
,,
,,
,,America
,,"Tennessee, USA"
,,"South Boston, VA"
,,"Kentucky, USA"
,,
,,"Ketchikan, AK"
,,"DUNDEE, MICHIGAN"
,,
,,"Virginia, USA"
,,Worldwide
,,
,,"South Gate, CA"
,,
,,"Orlando, FL"
,,"Menifee, CA"
,,
,,"Dallas, TX"
,,United States
,,"Arizona, USA"
,,
,,Nowhere
,,United States
,,"Chattanooga, TN"
,,"Washington, DC"
,,"Texas, USA"
,,
,,"40,000 FEET"
,,
,,
,,"Ohio, USA"
,,239
,,"Pennsylvania, USA"
,,
,,
,,
,,South Carolina
,,"Connecticut, USA"
,,Tennessee
,,Mississippi Gulf Coast
,,Westwood NJ and NYC
,,
,,"Whitemarsh Township, Montco PA"
,,"Massachusetts, USA"
,,Maine
,,
,,"Indiana, USA"
,,Probably out picking
,,United States
,,"Indianapolis, IN"
,,
,,
,,TRUMP 2016 Supporter 
,,
,,Maine
,,USA
,,
,,"California, USA"
,,Miami University
,,Deep South
,,"Vero Beach, Florida"
,,
,,"Hoover, AL"
,,
,,
,,
,,Manchester
,,"San Antonio, TX"
,,United States
,,"Union Hall,Va."
,,oxvegas 
,,
,,
,,
,,
,,
,,"California, USA"
,,"Flagstaff, Arizona"
,,#Trump2016
,,
,,"Louisville, KY"
,,"Hottest place on Earth, baby!"
,,U.S.A
,,home
,,"Pennsylvania, USA"
,,"Moraga, CA"
,,
,,
,,楠田帝国東京地区
,,"black forest, Colorado"
,,"Kaduna, Nigeria"
,,"Anytown, NJ"
,,Northern Michigan
,,United States
,,
,,Assembly Hall
,,
,,"Texas, USA"
,,"Yonkers, NY"
,,
,,"Richmond, VA"
,,"iPhone: 36.145790,-115.061966"
,,
,,Sin City 
,,"Paso Robles, CA"
,,Sallisaw
,,"California, USA"
,,
,,"Washington, USA"
,,Vote _Trump_2016
,,
,,USA
,,
,,
,,"Omaha, NE"
,,"Los Angeles, CA"
,,Phoenix Arizona
,,Sidrolândia-MS
,,"North Bergen, NJ"
,,TX-Paris-SanFrancisco
,,"Phoenix, AZ"
,,
,,Louisiana
,,
,,
,,"Durban, South Africa."
,,
,,
,,
,,
,,
,,Nigeria
,,
,,
,,
,,
,,
,,
,,
,,
,,
,,"Chicago, IL"
,,"MIami Beach, FL"
,,"Texas, USA"
,,"Cumberland City, TN"
,,
,,"East Islip, NY"
,,Las Vegas
,,
,,
,,
,,
,,
,,"Rockford, IL"
,,New York
,,New York Gameing 
,,"Sweeny, TX"
,,
,, Washington 
,,
,,"Seattle, WA"
,,
,,"Parts Unknown, NL  Canada "
,,
,,
,,"Hurley, Wisconsin"
,,
,,"Thermopolis, WY "
,,"Gurgaon, India"
,,United States
,,Old Baltimore. Mencken Echoes
,,"Easton, MD"
,,"USA, Delaware"
,,
,,"Indianapolis, IN, USA"
,,"Indianapolis, IN"
,," Eastern Washington, USA"
,,
,,"Denver, CO"
,,Mississipppi Gulf Coast
,,"Houston, Tx USA"
,,
,,
,,"Trump Town, USA"
,,"LONG ISLAND, NY"
,,"Sault Ste. Marie, ON. Canada"
,,NY
,,
,,"St Marys, OH"
,,
,,"Zootopia, CA"
,,"Louisville, Ky"
,,日本
,,
,,
,,
,,Indpls/IN
,,"San Tan Valley, AZ. USA"
,,LA/OC
,,USA
,,"San Francisco, CA"
,,Oregon
,,GABP
,,
,,
,,White House
,, Lagos
,,"ÜT: 38.835448,-90.494483"
,,
,,LandOfTheFree&HomeOfTheBrave
,,"willows, ca"
,,
,,
,,"Vacaville, CA"
,,"Brisbane, Queensland"
,,"Enterprise, AL"
,,
,,
,,
,,"sweetwater, tn"
,,
,,The Southern Shore.
,,"Indiana, USA"
,,USA
,,America Central(Costa Rica)
,,
,,"Michigan, USA"
,,
,,"St Simons, GA"
,,
,,R L Turner Football
,,
,,"Bellingham, WA"
,,"Plainfield, Indiana"
,,
,,"Ohio, USA"
,,America 
,,
,,"Pearland, TX"
,,
,,
,,"California, USA"
,,"Dutchess County , NY"
,,WWE City
,,southeast asia/usa
,,
,,United States
,,Worldwide
,,"Parker, TX"
,,"Parkville, MD"
,,"California, USA"
,,San Antonio
,,
,,"New York, USA"
,,Northern California
,,http://mcswainandbeck.com
,,VA
,,"Fort Wayne, IN"
,,"Bloomington, IN"
,,"Alabama, USA"
,,TexasUSA 
,,
,,England
,,
,,"Gaborone, Botswana"
,,DMV
,,
,,United States
,,"Slidell, LA"
,,
,,"Georgia, USA"
,,"Phoenix, AZ"
,,
,,Earth
,,
,,
,,MS-placed Texan
,,"Lafayette, TN"
,,griffith
,,Memphis 
,,"Lagos, Nigeria"
,,
,,
,,
,,
,,ohio
,,
,,
,,
,,
,,"Texas, USA"
,,Islip/Providence
,,"California, USA"
,,
,,
,,"ÜT: 40.565959,-89.646414"
,,
,,"New York, USA"
,,"Pennsylvania, USA"
,,"Florida, USA"
,,
,,"Shawnee, OK"
,,
,,L.A. Calif.
,,
,,"West Lafayette, IN"
,,
,,"Mobile, Alabama"
,,The Diamond  
,,"Burlington, NC"
,,"Bethlehem, Pennsylvania"
,,fl
,,
,,"Ohio, USA"
,,USA
,,"New Jersey, USA"
,,"Ohio, USA"
,,Maryland
,,
,,cali
,,From Sea to Shining Sea
,,"Hollywood, CA "
,,Upper West Side 
,,
,,
,,Wherever You Are
,,"SisterKissinVille, KY"
,,Florida
,,"Florida, USA"
,,
,,"Indiana, USA"
,,United States
,,
,,Indiana Rainbow
,,Singapore 
,,
,,Melbourne
,,Ohio
,,Cincinnati
,,"Federal Capital Territory, Nigeria"
,,"Louisville, KY aka Loo-uh-vull"
,,
,,
,,"Monongahela, PA"
,,
,,Indiana
,,
,,"Florida, USA"
,, Trump for America 
,,United States
,,PA
,,
,,
,,
,,"Houston, TX"
,,a Popeyes organization
,,
,,
,,"Illinois, USA"
,,"Cambridge, MA"
,,
,,East Carolina University
,,
,,
,,So CA
,,USA
,,
,,
,,"New York, NY"
,,New York
,,
,,
,,"North  Pole,"
,,
,,
,,ask questions ALWAYS.
,,ButtFuckEgypt
,,Cocoa Beach
,,
,,Denver Co 317-507-6513
,,
,,
,,
,,Dover ohio 
,,franklin ky
,,United States
,,"Washington, USA"
,,"New York, NY "
,,
,,California
,,"Oregon, USA"
,,
,,"Kentucky, USA"
,,USA
,,"Bronx, NY"
,,
,,"Brooklyn, NY"
,,NYC
,,
,,"Washington, USA"
,,
,,"Washington, D.C. "
,,
,,nesquehaning pa
,,"Paoli, IN"
,,"Orlando, Fl"
,,
,,
,,
,,
,,
,,"Nor Cal, California, USA"
,,"Crawfordsville, IN"
,,Nowhere
,,"Queens, NY"
,,
,,"Longview, NC"
,,
,,"Cleveland Heights, OH"
,,"Best State in America, TN"
,,United States
,,"Los Angeles, CA"
,,PUERTO RICO
,,"Anderson, Indiana"
,,"Indiana, USA"
,,Florida
,,"Gerritsen Beach, Brooklyn"
,,
,,
,,
,,"Mount Sterling, KY"
,,
,,"New York, USA"
,,
,, NL CA Disneyland
,,"Jackson, NJ"
,,
,,"Las Vegas, or somewhere FUN!"
,,
,,south bend . indiana . usa 
,,
,,"Gastonia, NC"
,,Charlotte NC
,,"Pittsburgh, PA"
,,
,,Kingman AZ.
,,
,,manchester uk
,,"East Falmouth, MA"
,,NJ
,,"North Carolina, USA"
,,"Southern-Roots-Run-Deep, USA"
,,
,,USA
,,"Texas, USA"
,,
,,
,,kilbourne Il
,,"Brownsburg, IN"
,,Rhode Island
,,Missouri
,,"LA, Jersey Shore, Colombia, NY"
,,India
,,
,,"Muncie, IN"
,,"Ohio, USA"
,,"Tennessee, USA"
,,In Christ
,,"Forney, TX"
,,Southeastern U.S.
,,"Kansas City, Mo"
,,oklahoma
,,"Temecula, CA"
,,
,,
,,United States
,,UCLA
,," New York, NY"
,,Philly
,,
,,Trump Land
,,on a golf course 
,,
,,
,,
,,"Florida, USA"
,,"North Port, FL"
,,Columbia md
,,Tennessee
,,"Long Beach, CA"
,,Gateway to the West 
,,
,,In A Relationship 
,,
,,United States of America
,,
,,In a safe place
,,United States of America
,,"Hunterdon County, New Jersey"
,,"Cutler Bay, FL"
,,"Dallas, TX"
,,"New York, NY"
,,
,,
,,
,,
,,
,,
,,fly over country
,,
,,Lower Alabama
,,
,,Tennessee
,,Dominican Republic
,,"Broken Arrow, Oklahoma"
,,
,,"New Jersey, USA"
,,
,,home
,,
,,Lucknow.
,,
,,
,,Los Angeles
,,
,,
,,"Charlotte, North Carolina USA"
,,"Miami, FL"
,,"Oregon, USA"
,,USA
,,United Kingdom
,,
,,
,,London
,,"Montclair, NJ"
,,"South Carolina, USA"
,,Nassau
,,
,,
,,
,,"Chapel Hill, NC, from Texas ;)"
,,BOSTON
,,USA
,,"New Jersey, USA"
,,"Stamford, Connecticut"
,,"Chicago, IL"
,,"California, USA "
,,
,,kenner la.
,,West Seneca N.Y.
,,"Charlotte, NC"
,,
,,
,,
,,
,,
,,United States
,,
,,
,,"Bronx, NY"
,,
,,
,,Sitting on the stoop
,,
,,
,,Nueva Córdoba 
,,
,,Waste Lands aka USA
,,
,,
,,Oregon
,,
,,"Cincinnati, OH"
,,FRANCE
,,
,,Gunshine state tm
,,
,,Northern Michigan
,,United States
,,"North Pole,Iceland, New Jersey"
,,"Orlando, FL"
,,
,,"Blountville, TN"
,,Michigan/Indiana/Naples FL 
,,
,,
,,
,,Holland/ESU
,,
,,
,,
,,"Bucureşti, România"
,,
,,"Charlotte, North Carolina"
,,America 
,,"California, USA"
,,"Georgia, USA"
,,
,,
,,
,,
,,
,,AZ
,,"Laguna Niguel, CA"
,,"North Carolina, USA"
,,
,,
,,Outside The (((Ziomatrix)))
,,"Columbus, Indiana"
,,
,,
,,"New York, NY"
,,
,,"Florida, USA"
,,"California, USA"
,,"Florida, USA"
,,"Louisville, KY"
,,
,,Missouri
,,"Κωνσταντινούπολη, kalamaria "
,,"Layton, NJ"
,,"Florida, USA"
,,"Hampton, MN"
,,
,,"Bradenton, FL"
,,
,,"California, USA"
,,
,,
,,"Cambridge, Ontario"
,,"Tucson, AZ"
,,lakewood co
,,Stockton
,,
,,Palm Beach Gardens 
,,America
,,Gatorville
